Country,Country_Code,Year,Electric cars sold,Electric cars,Non-electric cars,Plug-in hybrid,Battery-electric,Electric car stocks,Total_Cars_Sold,EV_Market_Share_Pct
Australia,AUS,2012,250,250,861819,0.00928,0.01972,300.0,862069,0.03
Australia,AUS,2013,290,290,878498,0.01137931,0.02162069,590.0,878788,0.03
Australia,AUS,2014,1320,1320,878680,0.10795455,0.04204545,1880.0,880000,0.15
Australia,AUS,2015,1760,1760,924556,0.10795455,0.08204545,3600.0,926316,0.19
Australia,AUS,2016,1370,1370,911963,0.07664234,0.07335766,5000.0,913333,0.15
Australia,AUS,2017,2300,2300,917700,0.11956522,0.13043478,7300.0,920000,0.25
Australia,AUS,2018,3600,3600,874449,0.205,0.205,10900.0,878049,0.41
Australia,AUS,2019,9200,9200,757467,0.37826088,0.82173914,20600.0,766667,1.2
Australia,AUS,2020,6900,6900,620373,0.27101448,0.8289855,27000.0,627273,1.1
Australia,AUS,2021,20400,20400,708171,0.46666667,2.3333333,48000.0,728571,2.8
Australia,AUS,2022,38900,38900,739100,0.7583548,4.2416453,88000.0,778000,5.0
Australia,AUS,2023,98000,98000,718667,1.3469387,10.653061,181000.0,816667,12.0
Australia,AUS,2024,112000,112000,749538,2.4375,10.5625,302000.0,861538,13.0
Austria,AUT,2015,2800,2800,308311,0.35357144,0.54642856,6500.0,311111,0.9
Austria,AUT,2016,5000,5000,328333,0.36,1.14,11400.0,333333,1.5
Austria,AUT,2017,7100,7100,347900,0.47887325,1.5211267,18900.0,355000,2.0
Austria,AUT,2018,9100,9100,340900,0.6571429,1.9428571,26700.0,350000,2.6
Austria,AUT,2019,11500,11500,317071,0.6695652,2.8304348,38000.0,328571,3.5
Austria,AUT,2020,23600,23600,224821,3.059322,6.440678,60000.0,248421,9.5
Austria,AUT,2021,48000,48000,192000,6.25,13.75,106000.0,240000,20.0
Austria,AUT,2022,47000,47000,166636,6.0851064,15.914893,152000.0,213636,22.0
Austria,AUT,2023,65000,65000,175741,7.0615387,19.938461,218000.0,240741,27.0
Austria,AUT,2024,62000,62000,196333,6.580645,17.419355,275000.0,258333,24.0
Belgium,BEL,2010,56,56,559944,0.00142857,0.00857143,70.0,560000,0.01
Belgium,BEL,2011,296,296,568935,0.00281081,0.04918919,346.0,569231,0.05
Belgium,BEL,2012,910,910,478037,0.07098901,0.11901099,1180.0,478947,0.19
Belgium,BEL,2013,560,560,508531,0.01178571,0.09821429,1790.0,509091,0.11
Belgium,BEL,2014,1950,1950,473660,0.13666667,0.27333334,3700.0,475610,0.41
Belgium,BEL,2015,3900,3900,509258,0.4871795,0.2728205,7100.0,513158,0.76
Belgium,BEL,2016,9200,9200,531976,1.3119565,0.3880435,16200.0,541176,1.7
Belgium,BEL,2017,14700,14700,550685,2.122449,0.477551,30500.0,565385,2.6
Belgium,BEL,2018,13200,13200,536800,1.7454545,0.6545454,44000.0,550000,2.4
Belgium,BEL,2019,17700,17700,535425,1.6090395,1.5909605,60000.0,553125,3.2
Belgium,BEL,2020,47000,47000,380273,7.489362,3.5106382,105000.0,427273,11.0
Belgium,BEL,2021,71000,71000,323444,12.169014,5.830986,172000.0,394444,18.0
Belgium,BEL,2022,97000,97000,276077,15.814433,10.185567,270000.0,373077,26.0
Belgium,BEL,2023,193000,193000,277732,21.243523,19.756477,470000.0,470732,41.0
Belgium,BEL,2024,197000,197000,261140,14.624366,28.375635,670000.0,458140,43.0
Brazil,BRA,2012,40,40,3076883,0.000585,0.000715,,3076923,0.0
Brazil,BRA,2013,72,72,2999928,0.0011,0.0013,,3000000,0.0
Brazil,BRA,2015,89,89,2118959,0.00132135,0.00287865,148.0,2119048,0.0
Brazil,BRA,2016,177,177,1608914,0.0029209,0.0080791,325.0,1609091,0.01
Brazil,BRA,2017,430,430,1869135,0.01551163,0.00748837,680.0,1869565,0.02
Brazil,BRA,2018,410,410,2049590,0.01121951,0.00878049,1050.0,2050000,0.02
Brazil,BRA,2019,1940,1940,2307584,0.06061856,0.02338144,2990.0,2309524,0.08
Brazil,BRA,2020,2600,2600,1622400,0.11076923,0.04923077,5400.0,1625000,0.16
Brazil,BRA,2021,13900,13900,1496970,0.72805756,0.19194245,19400.0,1510870,0.92
Brazil,BRA,2022,18500,18500,1523167,0.6486487,0.55135137,39000.0,1541667,1.2
Brazil,BRA,2023,52000,52000,1681333,1.9038461,1.0961539,92000.0,1733333,3.0
Brazil,BRA,2024,125000,125000,1828125,3.2256,3.1744,214000.0,1953125,6.4
Canada,CAN,2011,520,520,1267773,0.02365385,0.01734615,550.0,1268293,0.04
Canada,CAN,2012,1920,1920,1369509,0.09479167,0.04520833,2430.0,1371429,0.14
Canada,CAN,2013,3100,3100,1405991,0.10645161,0.11354839,5500.0,1409091,0.22
Canada,CAN,2014,5100,5100,1452043,0.15784314,0.19215687,10700.0,1457143,0.35
Canada,CAN,2015,6800,6800,1504311,0.15882353,0.29117647,17600.0,1511111,0.45
Canada,CAN,2016,11600,11600,1514716,0.41931033,0.34068966,29000.0,1526316,0.76
Canada,CAN,2017,16700,16700,1653300,0.47904193,0.52095807,47000.0,1670000,1.0
Canada,CAN,2018,44000,44000,1527429,1.3363637,1.4636364,87000.0,1571429,2.8
Canada,CAN,2019,51000,51000,1449000,1.2666667,2.1333334,136000.0,1500000,3.4
Canada,CAN,2020,51000,51000,1163286,1.1529412,3.0470588,212000.0,1214286,4.2
Canada,CAN,2021,87000,87000,1272375,2.05977,4.34023,300000.0,1359375,6.4
Canada,CAN,2022,115000,115000,1095526,1.9826087,7.517391,410000.0,1210526,9.5
Canada,CAN,2023,171000,171000,1144385,3.116959,9.883041,550000.0,1315385,13.0
Canada,CAN,2024,252000,252000,1230353,4.1825395,12.81746,860000.0,1482353,17.0
Chile,CHL,2014,19,19,240487,0.00582105,0.00207895,33.0,240506,0.01
Chile,CHL,2015,36,36,189438,0.01213889,0.00686111,69.0,189474,0.02
Chile,CHL,2016,31,31,206636,0.00435484,0.01064516,100.0,206667,0.01
Chile,CHL,2017,135,135,210803,0.00711111,0.05688889,231.0,210938,0.06
Chile,CHL,2018,198,198,247302,0.02747475,0.05252525,410.0,247500,0.08
Chile,CHL,2019,305,305,217552,0.03901639,0.10098361,650.0,217857,0.14
Chile,CHL,2020,239,239,119261,0.06610879,0.13389121,840.0,119500,0.2
Chile,CHL,2021,860,860,295692,0.10116279,0.18883722,1410.0,296552,0.29
Chile,CHL,2022,1770,1770,293230,0.15932202,0.44067797,2900.0,295000,0.6
Chile,CHL,2023,2110,2110,279223,0.18127961,0.5687204,5700.0,281333,0.75
Chile,CHL,2024,5600,5600,261067,0.4125,1.6875,11300.0,266667,2.1
China,CHN,2010,1440,1440,14398560,0.00236111,0.00763889,1940.0,14400000,0.01
China,CHN,2011,5120,5120,15053704,0.002125,0.031875,6960.0,15058824,0.03
China,CHN,2012,9860,9860,13496989,0.00192495,0.07107505,16920.0,13506849,0.07
China,CHN,2013,15730,15730,16542165,0.00440877,0.09059123,32600.0,16557895,0.09
China,CHN,2014,73000,73000,18177000,0.13150685,0.26849315,85000.0,18250000,0.4
China,CHN,2015,211000,211000,20889000,0.28909954,0.7109005,297000.0,21100000,1.0
China,CHN,2016,339000,339000,22261000,0.34955752,1.1504425,630000.0,22600000,1.5
China,CHN,2017,580000,580000,23586667,0.45517242,1.9448276,1210000.0,24166667,2.4
China,CHN,2018,1090000,1090000,22101489,1.1642202,3.5357797,2240000.0,23191489,4.7
China,CHN,2019,1060000,1060000,20140000,1.0849056,3.9150944,3370000.0,21200000,5.0
China,CHN,2020,1140000,1140000,18860000,1.1,4.6,4490000.0,20000000,5.7
China,CHN,2021,3250000,3250000,18416667,2.5384614,12.461538,7800000.0,21666667,15.0
China,CHN,2022,5900000,5900000,14444828,7.37,21.62712,14100000.0,20344828,29.0
China,CHN,2023,8100000,8100000,13215790,12.666667,25.333334,21800000.0,21315790,38.0
China,CHN,2024,11300000,11300000,12241667,20.81416,27.18584,34000000.0,23541667,48.0
Denmark,DNK,2011,422,422,168378,0.00118483,0.24881516,500.0,168800,0.25
Denmark,DNK,2012,502,502,172601,0.00693227,0.28306773,1214.0,173103,0.29
Denmark,DNK,2013,510,510,181633,0.0054902,0.2745098,1514.0,182143,0.28
Denmark,DNK,2014,1690,1690,184024,0.04846154,0.86153847,3000.0,185714,0.91
Denmark,DNK,2015,4720,4720,200497,0.20466103,2.095339,8470.0,205217,2.3
Denmark,DNK,2016,1870,1870,220749,0.25604278,0.5839572,9800.0,222619,0.84
Denmark,DNK,2017,1330,1330,220337,0.27969924,0.32030076,10600.0,221667,0.6
Denmark,DNK,2018,4600,4600,214448,1.4152174,0.6847826,15200.0,219048,2.1
Denmark,DNK,2019,9400,9400,214410,1.7425532,2.4574468,25900.0,223810,4.2
Denmark,DNK,2020,32000,32000,168000,9.0,7.0,62000.0,200000,16.0
Denmark,DNK,2021,65000,65000,120714,21.538462,13.461538,145000.0,185714,35.0
Denmark,DNK,2022,57000,57000,93000,17.333334,20.666666,210000.0,150000,38.0
Denmark,DNK,2023,80000,80000,93913,9.775,36.225,310000.0,173913,46.0
Denmark,DNK,2024,96100,96100,75507,4.1373568,51.862644,460000.0,171607,56.0
Finland,FIN,2012,181,181,106290,0.12209945,0.04790055,240.0,106471,0.17
Finland,FIN,2013,220,220,104542,0.16227274,0.04772727,470.0,104762,0.21
Finland,FIN,2014,440,440,106877,0.24227273,0.16772728,930.0,107317,0.41
Finland,FIN,2015,660,660,109340,0.38181818,0.21818182,1580.0,110000,0.6
Finland,FIN,2016,1420,1420,116913,1.0140845,0.18591549,3240.0,118333,1.2
Finland,FIN,2017,3100,3100,120900,2.096774,0.4032258,7100.0,124000,2.5
Finland,FIN,2018,5680,5680,117798,3.9683099,0.63169014,15400.0,123478,4.6
Finland,FIN,2019,7900,7900,110010,5.088608,1.6113924,29700.0,117910,6.7
Finland,FIN,2020,17200,17200,78356,13.604651,4.395349,55700.0,95556,18.0
Finland,FIN,2021,30000,30000,70000,20.0,10.0,100000.0,100000,30.0
Finland,FIN,2022,31000,31000,52784,19.096775,17.903225,145000.0,83784,37.0
Finland,FIN,2023,48000,48000,40889,20.25,33.75,224000.0,88889,54.0
Finland,FIN,2024,37000,37000,37000,20.27027,29.72973,260000.0,74000,50.0
France,FRA,2010,272,272,2266395,0.00361765,0.00838235,,2266667,0.01
France,FRA,2011,2656,2656,2210677,0.00253012,0.11746988,2996.0,2213333,0.12
France,FRA,2012,6360,6360,1920913,0.03424528,0.29575473,9300.0,1927273,0.33
France,FRA,2013,9750,9750,1829873,0.04620513,0.48379487,18500.0,1839623,0.53
France,FRA,2014,13100,13100,1885451,0.11061069,0.57938933,31600.0,1898551,0.69
France,FRA,2015,23800,23800,1959533,0.29243696,0.90756303,54300.0,1983333,1.2
France,FRA,2016,30600,30600,2155114,0.34771243,1.0522876,84000.0,2185714,1.4
France,FRA,2017,38000,38000,2197294,0.5368421,1.1631579,147000.0,2235294,1.7
France,FRA,2018,48000,48000,2352000,0.625,1.375,188000.0,2400000,2.0
France,FRA,2019,64000,64000,2306370,0.8015625,1.8984375,255000.0,2370370,2.7
France,FRA,2020,185000,185000,1496818,4.4594593,6.5405407,440000.0,1681818,11.0
France,FRA,2021,310000,310000,1513529,7.677419,9.32258,740000.0,1823529,17.0
France,FRA,2022,340000,340000,1360000,7.647059,12.3529415,1050000.0,1700000,20.0
France,FRA,2023,470000,470000,1410000,8.510638,16.48936,1570000.0,1880000,25.0
France,FRA,2024,450000,450000,1425000,8.0,16.0,1750000.0,1875000,24.0
Germany,DEU,2011,1640,1640,3152206,0.00760976,0.04439024,1840.0,3153846,0.05
Germany,DEU,2012,3400,3400,3087509,0.03882353,0.07117647,5300.0,3090909,0.11
Germany,DEU,2013,6800,6800,2949722,0.05411765,0.17588235,12200.0,2956522,0.23
Germany,DEU,2014,13500,13500,2986500,0.14666668,0.30333334,25400.0,3000000,0.45
Germany,DEU,2015,23000,23000,3127685,0.34913042,0.38086957,45000.0,3150685,0.73
Germany,DEU,2016,24000,24000,3219243,0.40083334,0.33916667,66000.0,3243243,0.74
Germany,DEU,2017,54000,54000,3321000,0.85925925,0.7407407,104000.0,3375000,1.6
Germany,DEU,2018,67000,67000,3283000,0.92537314,1.0746269,165000.0,3350000,2.0
Germany,DEU,2019,108000,108000,3492000,1.25,1.75,240000.0,3600000,3.0
Germany,DEU,2020,390000,390000,2395714,7.179487,6.820513,610000.0,2785714,14.0
Germany,DEU,2021,690000,690000,1963846,12.434783,13.565217,1250000.0,2653846,26.0
Germany,DEU,2022,830000,830000,1847419,13.445783,17.554216,1860000.0,2677419,31.0
Germany,DEU,2023,700000,700000,2216667,6.1714287,17.828571,2500000.0,2916667,24.0
Germany,DEU,2024,570000,570000,2430000,6.3333335,12.666667,3100000.0,3000000,19.0
Greece,GRC,2015,57,57,75943,0.02894737,0.04605263,119.0,76000,0.08
Greece,GRC,2016,97,97,80736,0.06927835,0.05072165,218.0,80833,0.12
Greece,GRC,2017,190,190,86174,0.16210526,0.05789474,410.0,86364,0.22
Greece,GRC,2018,298,298,102461,0.20436242,0.08563758,720.0,102759,0.29
Greece,GRC,2019,480,480,113806,0.25375,0.16625,1200.0,114286,0.42
Greece,GRC,2020,2180,2180,78561,1.8577982,0.8422018,3300.0,80741,2.7
Greece,GRC,2021,7000,7000,94449,4.7314286,2.1685715,10300.0,101449,6.9
Greece,GRC,2022,8300,8300,96763,5.2349396,2.6650603,19400.0,105063,7.9
Greece,GRC,2023,17000,17000,113769,7.647059,5.352941,34000.0,130769,13.0
Greece,GRC,2024,17000,17000,124667,5.8588233,6.1411767,45000.0,141667,12.0
Iceland,ISL,2012,26,26,7853,0.11423077,0.21576923,40.0,7879,0.33
Iceland,ISL,2013,103,103,7254,0.31262136,1.0873786,142.0,7357,1.4
Iceland,ISL,2014,229,229,9313,0.30393013,2.0960698,292.0,9542,2.4
Iceland,ISL,2015,560,560,13799,1.1839286,2.7160714,710.0,14359,3.9
Iceland,ISL,2016,1160,1160,17253,4.236207,2.0637932,1560.0,18413,6.3
Iceland,ISL,2017,3040,3040,18674,10.131578,3.868421,3900.0,21714,14.0
Iceland,ISL,2018,3680,3680,14720,15.76087,4.2391305,8000.0,18400,20.0
Iceland,ISL,2019,3100,3100,8823,16.774193,9.225806,11000.0,11923,26.0
Iceland,ISL,2020,4900,4900,4523,25.469387,26.530613,15000.0,9423,52.0
Iceland,ISL,2021,9100,9100,3900,37.692307,32.307693,21500.0,13000,70.0
Iceland,ISL,2022,12000,12000,5391,29.325,39.675,33000.0,17391,69.0
Iceland,ISL,2023,12400,12400,5065,13.741936,57.258064,44000.0,17465,71.0
Iceland,ISL,2024,4300,4300,5938,15.627907,26.372093,53000.0,10238,42.0
India,IND,2019,687,687,2861813,0.00024454,0.02375546,8607.0,2862500,0.02
India,IND,2020,3143,3143,2616024,0.00164174,0.11835826,12050.0,2619167,0.12
India,IND,2021,12050,12050,2926974,0.00170124,0.40829876,23100.0,2939024,0.41
India,IND,2022,48023,48023,3382191,0.00067051,1.3993295,72120.0,3430214,1.4
India,IND,2023,82270,82270,3835349,0.00689194,2.0931082,150390.0,3917619,2.1
India,IND,2024,92095,92095,4293381,0.00216624,2.0978339,240480.0,4385476,2.1
Israel,ISR,2012,601,601,221992,0.00044925,0.26955074,611.0,222593,0.27
Israel,ISR,2013,477,477,226666,0.00748428,0.20251572,1018.0,227143,0.21
Israel,ISR,2014,58,58,263578,0.01972414,0.00227586,1270.0,263636,0.02
Israel,ISR,2015,68,68,283265,0.02294118,0.00105882,1340.0,283333,0.02
Israel,ISR,2016,68,68,309023,0.02038235,0.00161765,1400.0,309091,0.02
Israel,ISR,2017,1630,1630,311832,0.4785276,0.04147239,3100.0,313462,0.52
Israel,ISR,2018,3730,3730,307103,1.1581769,0.04182306,6800.0,310833,1.2
Israel,ISR,2019,4750,4750,292125,1.3136842,0.2863158,11400.0,296875,1.6
Israel,ISR,2020,6900,6900,258485,2.0347826,0.5652174,18800.0,265385,2.6
Israel,ISR,2021,24000,24000,323826,3.7375,3.1625,43000.0,347826,6.9
Israel,ISR,2022,43000,43000,315333,4.4651165,7.5348835,88000.0,358333,12.0
Israel,ISR,2023,65000,65000,317353,4.1846156,12.815385,151000.0,382353,17.0
Israel,ISR,2024,76400,76400,287410,2.0340314,18.96597,228000.0,363810,21.0
Italy,ITA,2013,1040,1040,1298960,0.01384615,0.06615385,2180.0,1300000,0.08
Italy,ITA,2014,1340,1340,1338660,0.02537313,0.07462687,3620.0,1340000,0.1
Italy,ITA,2015,2240,2240,1597760,0.04625,0.09375,5700.0,1600000,0.14
Italy,ITA,2016,2700,2700,1797300,0.07222222,0.07777778,8500.0,1800000,0.15
Italy,ITA,2017,4900,4900,1955100,0.14795917,0.10204082,13400.0,1960000,0.25
Italy,ITA,2018,9700,9700,1930300,0.24226804,0.25773197,23000.0,1940000,0.5
Italy,ITA,2019,17500,17500,1971136,0.32685715,0.55314285,40000.0,1988636,0.88
Italy,ITA,2020,60000,60000,1368571,1.89,2.31,99000.0,1428571,4.2
Italy,ITA,2021,138000,138000,1378484,4.6818843,4.418116,230000.0,1516484,9.1
Italy,ITA,2022,114000,114000,1227176,4.8464913,3.6535087,350000.0,1341176,8.5
Italy,ITA,2023,136000,136000,1342261,4.7352943,4.464706,490000.0,1478261,9.2
Italy,ITA,2024,118000,118000,1375671,3.481356,4.418644,600000.0,1493671,7.9
Japan,JPN,2011,13015,13015,4185372,0.00035728,0.30964273,16015.0,4198387,0.31
Japan,JPN,2012,24000,24000,4504302,0.24291667,0.28708333,41000.0,4528302,0.53
Japan,JPN,2013,29000,29000,4574175,0.30413792,0.32586208,69000.0,4603175,0.63
Japan,JPN,2014,32000,32000,4605681,0.345,0.345,111000.0,4637681,0.69
Japan,JPN,2015,24000,24000,4113931,0.33833334,0.24166667,134000.0,4137931,0.58
Japan,JPN,2016,24400,24400,4042267,0.23114754,0.36885247,153000.0,4066667,0.6
Japan,JPN,2017,54000,54000,4446000,0.8,0.4,200000.0,4500000,1.2
Japan,JPN,2018,50000,50000,4495455,0.506,0.594,230000.0,4545455,1.1
Japan,JPN,2019,39000,39000,4294333,0.41538462,0.4846154,260000.0,4333333,0.9
Japan,JPN,2020,30000,30000,3866104,0.385,0.385,300000.0,3896104,0.77
Japan,JPN,2021,45000,45000,3705000,0.61333334,0.58666664,340000.0,3750000,1.2
Japan,JPN,2022,97000,97000,3367286,1.0969073,1.7030928,410000.0,3464286,2.8
Japan,JPN,2023,140000,140000,3860000,1.3,2.2,540000.0,4000000,3.5
Japan,JPN,2024,103000,103000,3575571,1.1689321,1.631068,620000.0,3678571,2.8
Mexico,MEX,2015,99,99,1151064,0.00060808,0.00799192,247.0,1151163,0.01
Mexico,MEX,2016,770,770,1374230,0.03781818,0.01818182,1030.0,1375000,0.06
Mexico,MEX,2017,1200,1200,1317481,0.07355833,0.01744167,2230.0,1318681,0.09
Mexico,MEX,2018,1800,1800,1198200,0.13333333,0.01666667,4030.0,1200000,0.15
Mexico,MEX,2019,1690,1690,1124977,0.12426036,0.02573964,5600.0,1126667,0.15
Mexico,MEX,2020,3800,3800,771710,0.25789475,0.23210526,9500.0,775510,0.49
Mexico,MEX,2021,6500,6500,826833,0.42,0.36,16000.0,833333,0.78
Mexico,MEX,2022,8400,8400,866600,0.45714286,0.50285715,24000.0,875000,0.96
Mexico,MEX,2023,16100,16100,1057233,0.19565217,1.3043479,41000.0,1073333,1.5
Mexico,MEX,2024,27100,27100,1204718,0.57638377,1.6236162,68000.0,1231818,2.2
Netherlands,NLD,2011,877,877,547248,0.00310148,0.15689851,1126.0,548125,0.16
Netherlands,NLD,2012,5090,5090,503910,0.84479374,0.1552063,6300.0,509000,1.0
Netherlands,NLD,2013,22600,22600,388309,4.8672566,0.63274336,28200.0,410909,5.5
Netherlands,NLD,2014,14700,14700,362223,3.1836734,0.71632653,43800.0,376923,3.9
Netherlands,NLD,2015,15400,15400,424600,2.7272727,0.77272725,88400.0,440000,3.5
Netherlands,NLD,2016,43000,43000,347909,9.976745,1.0232558,112000.0,390909,11.0
Netherlands,NLD,2017,26000,26000,380250,4.4307694,1.9692308,118000.0,406250,6.4
Netherlands,NLD,2018,27600,27600,417561,0.8086957,5.3913045,143000.0,445161,6.2
Netherlands,NLD,2019,66500,66500,376833,1.2406015,13.759398,207000.0,443333,15.0
Netherlands,NLD,2020,87000,87000,261000,4.3103447,20.689655,290000.0,348000,25.0
Netherlands,NLD,2021,94000,94000,230138,9.563829,19.43617,390000.0,324138,29.0
Netherlands,NLD,2022,107000,107000,198714,11.121495,23.878504,530000.0,305714,35.0
Netherlands,NLD,2023,156000,156000,198545,12.974359,31.02564,730000.0,354545,44.0
Netherlands,NLD,2024,182000,182000,197167,13.714286,34.285713,980000.0,379167,48.0
New Zealand,NZL,2011,15,15,68167,0.00293333,0.01906667,29.0,68182,0.02
New Zealand,NZL,2012,27,27,81791,0.00611111,0.02688889,56.0,81818,0.03
New Zealand,NZL,2013,36,36,87769,0.00683333,0.03416667,92.0,87805,0.04
New Zealand,NZL,2014,320,320,93798,0.223125,0.116875,410.0,94118,0.34
New Zealand,NZL,2015,500,500,82833,0.24,0.36,910.0,83333,0.6
New Zealand,NZL,2016,1540,1540,89048,0.37532467,1.3246753,2360.0,90588,1.7
New Zealand,NZL,2017,3440,3440,97736,0.5337209,2.8662791,5900.0,101176,3.4
New Zealand,NZL,2018,5600,5600,108686,1.05,3.85,11400.0,114286,4.9
New Zealand,NZL,2019,6900,6900,110049,1.3681159,4.531884,17400.0,116949,5.9
New Zealand,NZL,2020,5400,5400,94600,1.5,3.9,22900.0,100000,5.4
New Zealand,NZL,2021,10300,10300,125226,2.5825243,5.0174756,35400.0,135526,7.6
New Zealand,NZL,2022,28200,28200,128467,5.87234,12.12766,65000.0,156667,18.0
New Zealand,NZL,2023,30000,30000,81111,8.1,18.9,92000.0,111111,27.0
New Zealand,NZL,2024,9700,9700,78482,3.8556702,7.14433,113000.0,88182,11.0
Norway,NOR,2012,4220,4220,131909,0.2350711,2.864929,8340.0,136129,3.1
Norway,NOR,2013,8240,8240,133829,0.2393204,5.5606794,15660.0,142069,5.8
Norway,NOR,2014,21700,21700,122967,1.1751152,13.824884,35300.0,144667,15.0
Norway,NOR,2015,33900,33900,120191,5.1268435,16.873156,69000.0,154091,22.0
Norway,NOR,2016,45000,45000,110172,13.533333,15.466667,114000.0,155172,29.0
Norway,NOR,2017,62000,62000,96974,18.241936,20.758064,180000.0,158974,39.0
Norway,NOR,2018,73000,73000,75980,18.123287,30.876713,247000.0,148980,49.0
Norway,NOR,2019,79000,79000,62071,13.468354,42.531647,330000.0,141071,56.0
Norway,NOR,2020,106000,106000,35333,20.518867,54.481133,490000.0,141333,75.0
Norway,NOR,2021,148000,148000,24093,22.081081,63.91892,630000.0,172093,86.0
Norway,NOR,2022,156000,156000,19281,9.128205,79.871796,790000.0,175281,89.0
Norway,NOR,2023,110000,110000,12222,8.181818,81.818184,900000.0,122222,90.0
Norway,NOR,2024,113500,113500,9870,2.8370044,89.162994,960000.0,123370,92.0
Poland,POL,2010,16,16,333317,0.0003,0.0045,,333333,0.0
Poland,POL,2012,48,48,266619,0.0015,0.0165,,266667,0.02
Poland,POL,2013,37,37,284578,0.00210811,0.01089189,,284615,0.01
Poland,POL,2014,201,201,278966,0.02185075,0.05014925,,279167,0.07
Poland,POL,2015,220,220,360436,0.04159091,0.01940909,,360656,0.06
Poland,POL,2016,510,510,424490,0.09411765,0.02588235,,425000,0.12
Poland,POL,2017,1080,1080,489829,0.13037036,0.08962963,,490909,0.22
Poland,POL,2018,1380,1380,529389,0.14318842,0.11681159,,530769,0.26
Poland,POL,2019,2700,2700,559800,0.21333332,0.26666668,8600.0,562500,0.48
Poland,POL,2020,8200,8200,423379,1.0426829,0.8573171,17700.0,431579,1.9
Poland,POL,2021,16300,16300,436478,2.009816,1.5901841,37000.0,452778,3.6
Poland,POL,2022,25000,25000,398729,2.596,3.304,61000.0,423729,5.9
Poland,POL,2023,30000,30000,438750,2.7733333,3.6266668,99000.0,468750,6.4
Poland,POL,2024,32000,32000,529404,2.671875,3.028125,119000.0,561404,5.7
Portugal,PRT,2011,172,172,156192,0.00127907,0.10872093,,156364,0.11
Portugal,PRT,2012,84,84,95371,0.03142857,0.05657143,,95455,0.09
Portugal,PRT,2013,185,185,108639,0.03216216,0.13783784,1137.0,108824,0.17
Portugal,PRT,2014,288,288,143712,0.06805556,0.13194443,1346.0,144000,0.2
Portugal,PRT,2015,1100,1100,176319,0.24236365,0.37763637,2530.0,177419,0.62
Portugal,PRT,2016,1800,1800,205097,0.48333332,0.38666666,4400.0,206897,0.87
Portugal,PRT,2017,4400,4400,227179,1.0795455,0.82045454,8800.0,231579,1.9
Portugal,PRT,2018,8200,8200,219578,1.7121952,1.8878049,16700.0,227778,3.6
Portugal,PRT,2019,12600,12600,212400,2.5777779,3.0222223,30000.0,225000,5.6
Portugal,PRT,2020,19800,19800,132508,7.878788,5.121212,49000.0,152308,13.0
Portugal,PRT,2021,29000,29000,116000,11.034483,8.965517,78000.0,145000,20.0
Portugal,PRT,2022,34000,34000,120545,10.3529415,11.6470585,111000.0,154545,22.0
Portugal,PRT,2023,63000,63000,133875,13.714286,18.285715,175000.0,196875,32.0
Portugal,PRT,2024,70000,70000,142121,13.2,19.8,240000.0,212121,33.0
South Korea,KOR,2015,3350,3350,1519377,0.01641791,0.2035821,6050.0,1522727,0.22
South Korea,KOR,2016,5030,5030,1519212,0.0216501,0.3083499,10580.0,1524242,0.33
South Korea,KOR,2017,14670,14670,1513455,0.04384458,0.9161554,25300.0,1528125,0.96
South Korea,KOR,2018,59400,59400,1463677,0.2888889,3.6111112,60600.0,1523077,3.9
South Korea,KOR,2019,35700,35700,1451800,0.18151261,2.2184875,100000.0,1487500,2.4
South Korea,KOR,2020,39700,39700,1548300,0.54785895,1.952141,144000.0,1588000,2.5
South Korea,KOR,2021,91000,91000,1353444,1.3153846,4.9846153,234000.0,1444444,6.3
South Korea,KOR,2022,131000,131000,1233583,0.80610687,8.793893,357000.0,1364583,9.6
South Korea,KOR,2023,132000,132000,1385241,0.7909091,7.909091,489000.0,1517241,8.7
South Korea,KOR,2024,127900,127900,1262317,0.56825644,8.631743,617000.0,1390217,9.2
Spain,ESP,2011,398,398,811847,0.00098492,0.04801508,468.0,812245,0.05
Spain,ESP,2012,540,540,709986,0.01548148,0.06051852,1010.0,710526,0.08
Spain,ESP,2013,882,882,734118,0.00979592,0.11020408,1890.0,735000,0.12
Spain,ESP,2014,1730,1730,908796,0.03624277,0.15375723,3620.0,910526,0.19
Spain,ESP,2015,2080,2080,1037920,0.075,0.125,5700.0,1040000,0.2
Spain,ESP,2016,3500,3500,1203397,0.12428571,0.1657143,9300.0,1206897,0.29
Spain,ESP,2017,7400,7400,1314029,0.26486486,0.29513514,16300.0,1321429,0.56
Spain,ESP,2018,11600,11600,1420499,0.39103448,0.41896552,28000.0,1432099,0.81
Spain,ESP,2019,17400,17400,1321062,0.55287355,0.74712646,45000.0,1338462,1.3
Spain,ESP,2020,42000,42000,891333,2.5714285,1.9285715,88000.0,933333,4.5
Spain,ESP,2021,67000,67000,850808,4.685075,2.6149254,155000.0,917808,7.3
Spain,ESP,2022,82000,82000,839348,5.3182926,3.5817072,226000.0,921348,8.9
Spain,ESP,2023,122000,122000,894667,6.3934426,5.6065574,360000.0,1016667,12.0
Spain,ESP,2024,128000,128000,1035636,5.671875,5.328125,450000.0,1163636,11.0
Sweden,SWE,2012,930,930,299070,0.22,0.09,1250.0,300000,0.31
Sweden,SWE,2013,1530,1530,287149,0.38104576,0.14895426,2600.0,288679,0.53
Sweden,SWE,2014,4600,4600,323971,1.0347826,0.3652174,7100.0,328571,1.4
Sweden,SWE,2015,8700,8700,353800,1.5724138,0.82758623,14600.0,362500,2.4
Sweden,SWE,2016,12900,12900,366512,2.635659,0.7643411,26500.0,379412,3.4
Sweden,SWE,2017,20400,20400,379600,4.0,1.1,43000.0,400000,5.1
Sweden,SWE,2018,29100,29100,353795,5.7457047,1.8542955,66000.0,382895,7.6
Sweden,SWE,2019,41000,41000,331727,6.707317,4.292683,97000.0,372727,11.0
Sweden,SWE,2020,94000,94000,199750,22.468084,9.531915,176000.0,293750,32.0
Sweden,SWE,2021,135000,135000,178953,24.844444,18.155556,300000.0,313953,43.0
Sweden,SWE,2022,163000,163000,138852,22.19632,31.80368,440000.0,301852,54.0
Sweden,SWE,2023,171000,171000,114000,21.40351,38.596493,560000.0,285000,60.0
Sweden,SWE,2024,157000,157000,113690,23.273886,34.726116,670000.0,270690,58.0
Switzerland,CHE,2011,441,441,314559,0.01301587,0.12698413,441.0,315000,0.14
Switzerland,CHE,2012,740,740,320999,0.12432432,0.10567568,1180.0,321739,0.23
Switzerland,CHE,2013,1370,1370,324820,0.05211679,0.3678832,2500.0,326190,0.42
Switzerland,CHE,2014,2900,2900,305611,0.06482759,0.87517244,5410.0,308511,0.94
Switzerland,CHE,2015,5700,5700,329594,0.7157895,0.98421055,11000.0,335294,1.7
Switzerland,CHE,2016,6100,6100,314953,0.87213117,1.0278689,16000.0,321053,1.9
Switzerland,CHE,2017,8400,8400,314677,1.1142857,1.4857143,25000.0,323077,2.6
Switzerland,CHE,2018,9500,9500,296952,1.4357895,1.6642106,35000.0,306452,3.1
Switzerland,CHE,2019,17300,17300,297245,1.3670521,4.132948,50000.0,314545,5.5
Switzerland,CHE,2020,34000,34000,208857,5.7647057,8.235294,84000.0,242857,14.0
Switzerland,CHE,2021,54000,54000,203143,8.555555,12.444445,139000.0,257143,21.0
Switzerland,CHE,2022,59000,59000,177000,8.050847,16.949152,201000.0,236000,25.0
Switzerland,CHE,2023,76000,76000,177333,9.078947,20.921053,276000.0,253333,30.0
Switzerland,CHE,2024,67000,67000,172286,8.776119,19.22388,340000.0,239286,28.0
Turkey,TUR,2014,68,68,566599,0.00388235,0.00811765,,566667,0.01
Turkey,TUR,2015,230,230,766437,0.01434783,0.01565217,,766667,0.03
Turkey,TUR,2016,127,127,746932,0.01111024,0.00588976,630.0,747059,0.02
Turkey,TUR,2017,111,111,739889,0.00459459,0.01040541,740.0,740000,0.02
Turkey,TUR,2018,235,235,521987,0.00861702,0.03638298,930.0,522222,0.05
Turkey,TUR,2019,324,324,385390,0.02437037,0.05962963,1840.0,385714,0.08
Turkey,TUR,2020,1290,1290,612996,0.06511628,0.14488372,3900.0,614286,0.21
Turkey,TUR,2021,3920,3920,618302,0.14785714,0.48214287,8600.0,622222,0.63
Turkey,TUR,2022,7540,7540,572460,0.09310345,1.2068965,16300.0,580000,1.3
Turkey,TUR,2023,68700,68700,885467,0.28296942,6.9170303,81900.0,954167,7.2
Turkey,TUR,2024,105700,105700,855209,0.6972564,10.302744,192000.0,960909,11.0
United Kingdom,GBR,2010,261,261,2007431,0.00104598,0.01195402,1521.0,2007692,0.01
United Kingdom,GBR,2011,1207,1207,1945567,0.00035957,0.06164043,2628.0,1946774,0.06
United Kingdom,GBR,2012,2570,2570,1974353,0.04906615,0.08093385,5090.0,1976923,0.13
United Kingdom,GBR,2013,3700,3700,2308800,0.04756757,0.11243243,8200.0,2312500,0.16
United Kingdom,GBR,2014,14500,14500,2443127,0.3173793,0.27262068,21700.0,2457627,0.59
United Kingdom,GBR,2015,29000,29000,2607364,0.72068965,0.37931034,48000.0,2636364,1.1
United Kingdom,GBR,2016,39000,39000,2746714,1.0410256,0.35897437,85000.0,2785714,1.4
United Kingdom,GBR,2017,49000,49000,2529947,1.3571428,0.5428571,129000.0,2578947,1.9
United Kingdom,GBR,2018,62000,62000,2322615,1.9290322,0.67096776,186000.0,2384615,2.6
United Kingdom,GBR,2019,75000,75000,2197727,1.628,1.672,251000.0,2272727,3.3
United Kingdom,GBR,2020,178000,178000,1440182,4.202247,6.797753,410000.0,1618182,11.0
United Kingdom,GBR,2021,310000,310000,1321579,7.354839,11.645162,710000.0,1631579,19.0
United Kingdom,GBR,2022,370000,370000,1238696,6.216216,16.783783,950000.0,1608696,23.0
United Kingdom,GBR,2023,450000,450000,1425000,7.4666667,16.533333,1580000.0,1875000,24.0
United Kingdom,GBR,2024,550000,550000,1414286,8.654546,19.345455,2170000.0,1964286,28.0
United States,USA,2011,17800,17800,11848867,0.06741573,0.08258427,22000.0,11866667,0.15
United States,USA,2012,54000,54000,12803143,0.30333334,0.11666667,75000.0,12857143,0.42
United States,USA,2013,97000,97000,13564972,0.3586598,0.3513402,172000.0,13661972,0.71
United States,USA,2014,118000,118000,15206675,0.3588983,0.4111017,290000.0,15324675,0.77
United States,USA,2015,114000,114000,16171714,0.26403508,0.4359649,400000.0,16285714,0.7
United States,USA,2016,160000,160000,16001616,0.4516875,0.5383125,570000.0,16161616,0.99
United States,USA,2017,194000,194000,14729077,0.62989694,0.6701031,760000.0,14923077,1.3
United States,USA,2018,360000,360000,15292174,0.76666665,1.5333333,1120000.0,15652174,2.3
United States,USA,2019,325000,325000,15151191,0.54923075,1.5507692,1450000.0,15476191,2.1
United States,USA,2020,294000,294000,12488609,0.50068027,1.7993197,1740000.0,12782609,2.3
United States,USA,2021,630000,630000,12774255,1.1936508,3.5063493,2220000.0,13404255,4.7
United States,USA,2022,990000,990000,12388378,1.420202,5.979798,3010000.0,13378378,7.4
United States,USA,2023,1390000,1390000,13241579,1.9820144,7.517986,4800000.0,14631579,9.5
United States,USA,2024,1520000,1520000,13680000,2.1052632,7.894737,6300000.0,15200000,10.0
